"Detaillierte Rechnungsbeträge im gewählten Zeitraum: 07-07 2026"	
"Alle Kantone"	
"Klient"	"Monat"	"Jahr"	"R-Nr."	"R.-datum"	"KV"	" "	" "	"Klient"	" "	" "	"Kanton"	" "	" "	"Gemeinde"	" "	" "	"Gesamt in CHF"	
" "	" "	" "	" "	" "	"KLV"	"Mat."	"FT"	"KLV"	"Mat."	"FT"	"KLV"	"Mat."	"FT"	"KLV"	"Mat."	"FT"	" "	"a"	"b"	"c"	"a (Std.)"	"b (Std.)"	"c (Std.)"	"Pflegetage"	
"Meier, Frau Sandra"	07	2026	11	02.08.2026	322.55	0.00	0.00	48.00	0.00	0.00	0.00	0.00	0.00	126.55	0.00	0.00	497.10	"20"	"145"	"165"	"0.33"	"2.42"	"2.75"	"10"
"Steiner, Herr Walter"	07	2026	12	02.08.2026	91.40	0.00	0.00	13.40	0.00	0.00	0.00	0.00	0.00	33.55	0.00	0.00	138.35	"20"	"0"	"75"	"0.33"	"0"	"1.25"	"2"
"Knüsel, Herr Bruno"	07	2026	14	02.08.2026	482.40	0.00	0.00	30.60	0.00	0.00	0.00	0.00	0.00	90.50	0.00	0.00	603.50	"360"	"20"	"0"	"6"	"0.33"	"0"	"4"
"Wagner, Frau Corinne"	07	2026	13	02.08.2026	435.65	0.00	0.00	45.90	0.00	0.00	0.00	0.00	0.00	157.70	0.00	0.00	639.25	"70"	"175"	"185"	"1.17"	"2.92"	"3.08"	"6"
" "
"Gesamtbeträge im Monat"	" "	" "	" "	" "	1'332.00	0.00	0.00	137.90	0.00	0.00	0.00	0.00	0.00	408.30	0.00	0.00	1'878.20	"470"	"340"	"425"	"7.83"	"5.67"	"7.08"

